{
  "dense_only": {
    "mrr@10": 0.06376388007054674,
    "ndcg@10": 0.07643031359716122,
    "recall@5": 0.09111111111111111,
    "recall@10": 0.12145185185185184,
    "recall@20": 0.15096296296296297
  },
  "hybrid": {
    "mrr@10": 0.056362045855379184,
    "ndcg@10": 0.07040823284182715,
    "recall@5": 0.08275555555555555,
    "recall@10": 0.12063703703703704,
    "recall@20": 0.16419259259259258
  },
  "hybrid_rerank": {
    "mrr@10": 0.08695534391534392,
    "ndcg@10": 0.1024336085672063,
    "recall@5": 0.12685925925925925,
    "recall@10": 0.15915555555555555,
    "recall@20": 0.19764444444444446
  },
  "ft_dense": {
    "mrr@10": 0.260212557319224,
    "ndcg@10": 0.291997492284311,
    "recall@5": 0.3415111111111111,
    "recall@10": 0.40403555555555554,
    "recall@20": 0.4666577777777777
  },
  "ft_hybrid": {
    "mrr@10": 0.19340493827160496,
    "ndcg@10": 0.23106780975537097,
    "recall@5": 0.28404444444444443,
    "recall@10": 0.36173333333333335,
    "recall@20": 0.43259851851851844
  },
  "ft_hybrid_rerank": {
    "mrr@10": 0.18867329805996472,
    "ndcg@10": 0.22329058388648465,
    "recall@5": 0.2665777777777778,
    "recall@10": 0.34588148148148146,
    "recall@20": 0.4358074074074075
  }
}