{
  "base": {
    "ROUGE-L": 0.07670338318160082,
    "BLEU": 0.3273089880805396,
    "BERTScore-F1": 0.8235875368118286
  },
  "qlora": {
    "ROUGE-L": 0.2027111984326195,
    "BLEU": 4.1526887611933425,
    "BERTScore-F1": 0.865541398525238
  }
}